# Cloudflare Pages redirects and rewrites
# AUTO-GENERATED from routes.config.js - DO NOT EDIT MANUALLY
#
# See: https://developers.cloudflare.com/pages/configuration/redirects/

# ===== DYNAMIC ROUTES (with parameters) =====
# These routes use _internal/ files to avoid Cloudflare's 308 redirects

# /view-split-lease → view-split-lease.html
/view-split-lease  /_internal/listing-view  200
/view-split-lease/  /_internal/listing-view  200
/view-split-lease/*  /_internal/listing-view  200

# /preview-split-lease → preview-split-lease.html
/preview-split-lease  /_internal/preview-listing-view  200
/preview-split-lease/  /_internal/preview-listing-view  200
/preview-split-lease/*  /_internal/preview-listing-view  200

# /guest-proposals → guest-proposals.html
/guest-proposals  /_internal/guest-proposals-view  200
/guest-proposals/  /_internal/guest-proposals-view  200
/guest-proposals/*  /_internal/guest-proposals-view  200

# /account-profile → account-profile.html
/account-profile  /_internal/account-profile-view  200
/account-profile/  /_internal/account-profile-view  200
/account-profile/*  /_internal/account-profile-view  200

# /help-center/:category → help-center-category.html (wildcard only, base handled separately)
/help-center/*  /_internal/help-center-category-view  200

# /host-proposals → host-proposals.html
/host-proposals  /_internal/host-proposals-view  200
/host-proposals/  /_internal/host-proposals-view  200
/host-proposals/*  /_internal/host-proposals-view  200

# /_internal/manage-rental-applications → manage-rental-applications.html
/_internal/manage-rental-applications  /_internal/manage-rental-applications-view  200
/_internal/manage-rental-applications/  /_internal/manage-rental-applications-view  200
/_internal/manage-rental-applications/*  /_internal/manage-rental-applications-view  200

# ===== STATIC PAGES =====

# Homepage
/  /index.html  200
/index.html  /index.html  200

# /search → search.html
/search  /_internal/search-view  200
/search/  /_internal/search-view  200

# /quick-match → quick-match.html
/quick-match  /_internal/quick-match-view  200
/quick-match/  /_internal/quick-match-view  200

# /help-center → help-center.html
/help-center  /_internal/help-center-view  200
/help-center/  /_internal/help-center-view  200

# /faq → faq.html
/faq  /_internal/faq-view  200
/faq/  /_internal/faq-view  200

# /policies → policies.html
/policies  /_internal/policies-view  200
/policies/  /_internal/policies-view  200

# /list-with-us → list-with-us.html
/list-with-us  /_internal/list-with-us-view  200
/list-with-us/  /_internal/list-with-us-view  200

# /list-with-us-v2 → list-with-us-v2.html
/list-with-us-v2  /_internal/list-with-us-v2-view  200
/list-with-us-v2/  /_internal/list-with-us-v2-view  200

# /why-split-lease → why-split-lease.html
/why-split-lease  /_internal/why-split-lease-view  200
/why-split-lease/  /_internal/why-split-lease-view  200

# /careers → careers.html
/careers  /_internal/careers-view  200
/careers/  /_internal/careers-view  200

# /about-us → about-us.html
/about-us  /_internal/about-us-view  200
/about-us/  /_internal/about-us-view  200

# /host-guarantee → host-guarantee.html
/host-guarantee  /_internal/host-guarantee-view  200
/host-guarantee/  /_internal/host-guarantee-view  200

# /referral → referral.html
/referral  /_internal/referral-view  200
/referral/  /_internal/referral-view  200

# Alias: /ref → referral.html
/ref  /_internal/referral-view  200
/ref/  /_internal/referral-view  200

# /guest-success → guest-success.html
/guest-success  /_internal/guest-success-view  200
/guest-success/  /_internal/guest-success-view  200

# /host-success → host-success.html
/host-success  /_internal/host-success-view  200
/host-success/  /_internal/host-success-view  200

# /host-leases → host-leases.html
/host-leases  /_internal/host-leases-view  200
/host-leases/  /_internal/host-leases-view  200

# /self-listing → self-listing.html
/self-listing  /_internal/self-listing-view  200
/self-listing/  /_internal/self-listing-view  200

# /self-listing-v2 → self-listing-v2.html
/self-listing-v2  /_internal/self-listing-v2-view  200
/self-listing-v2/  /_internal/self-listing-v2-view  200

# /listing-dashboard → listing-dashboard.html
/listing-dashboard  /_internal/listing-dashboard-view  200
/listing-dashboard/  /_internal/listing-dashboard-view  200

# /host-overview → host-overview.html
/host-overview  /_internal/host-overview-view  200
/host-overview/  /_internal/host-overview-view  200

# /favorite-listings → favorite-listings.html
/favorite-listings  /_internal/favorite-listings-view  200
/favorite-listings/  /_internal/favorite-listings-view  200

# /rental-application → rental-application.html
/rental-application  /_internal/rental-application-view  200
/rental-application/  /_internal/rental-application-view  200

# /reset-password → reset-password.html
/reset-password  /_internal/reset-password-view  200
/reset-password/  /_internal/reset-password-view  200

# /auth/verify → auth-verify.html
/auth/verify  /_internal/auth-verify-view  200
/auth/verify/  /_internal/auth-verify-view  200

# /404
/404  /404.html  200
/404/  /404.html  200
/404.html  /404.html  200

# /messages → messages.html
/messages  /_internal/messages-view  200
/messages/  /_internal/messages-view  200

# Alias: /messaging-app → messages.html
/messaging-app  /_internal/messages-view  200
/messaging-app/  /_internal/messages-view  200

# /house-manual → house-manual.html
/house-manual  /_internal/house-manual-view  200
/house-manual/  /_internal/house-manual-view  200

# /visit-manual → visit-manual.html
/visit-manual  /_internal/visit-manual-view  200
/visit-manual/  /_internal/visit-manual-view  200

# /_internal-test
/_internal-test  /_internal-test.html  200
/_internal-test/  /_internal-test.html  200
/_internal-test.html  /_internal-test.html  200

# /_internal/create-suggested-proposal → create-suggested-proposal.html
/_internal/create-suggested-proposal  /_internal/create-suggested-proposal-view  200
/_internal/create-suggested-proposal/  /_internal/create-suggested-proposal-view  200

# /_internal/leases-overview → leases-overview.html
/_internal/leases-overview  /_internal/leases-overview-view  200
/_internal/leases-overview/  /_internal/leases-overview-view  200

# /_email-sms-unit
/_email-sms-unit  /_email-sms-unit.html  200
/_email-sms-unit/  /_email-sms-unit.html  200
/_email-sms-unit.html  /_email-sms-unit.html  200

# /_internal/guest-simulation → guest-simulation.html
/_internal/guest-simulation  /_internal/guest-simulation-view  200
/_internal/guest-simulation/  /_internal/guest-simulation-view  200

# Alias: /simulation-guest-proposals-mobile-day1 → guest-simulation.html
/simulation-guest-proposals-mobile-day1  /_internal/guest-simulation-view  200
/simulation-guest-proposals-mobile-day1/  /_internal/guest-simulation-view  200

# /simulation-guest-mobile → simulation-guest-mobile.html
/simulation-guest-mobile  /_internal/simulation-guest-mobile-view  200
/simulation-guest-mobile/  /_internal/simulation-guest-mobile-view  200

# Alias: /simulation-guest-proposals-mobile-day2 → simulation-guest-mobile.html
/simulation-guest-proposals-mobile-day2  /_internal/simulation-guest-mobile-view  200
/simulation-guest-proposals-mobile-day2/  /_internal/simulation-guest-mobile-view  200

# /simulation-guestside-demo → simulation-guestside-demo.html
/simulation-guestside-demo  /_internal/simulation-guestside-demo-view  200
/simulation-guestside-demo/  /_internal/simulation-guestside-demo-view  200

# Alias: /usability-test → simulation-guestside-demo.html
/usability-test  /_internal/simulation-guestside-demo-view  200
/usability-test/  /_internal/simulation-guestside-demo-view  200

# /simulation-hostside-demo → simulation-hostside-demo.html
/simulation-hostside-demo  /_internal/simulation-hostside-demo-view  200
/simulation-hostside-demo/  /_internal/simulation-hostside-demo-view  200

# Alias: /host-usability-test → simulation-hostside-demo.html
/host-usability-test  /_internal/simulation-hostside-demo-view  200
/host-usability-test/  /_internal/simulation-hostside-demo-view  200

# /simulation-host-mobile → simulation-host-mobile.html
/simulation-host-mobile  /_internal/simulation-host-mobile-view  200
/simulation-host-mobile/  /_internal/simulation-host-mobile-view  200

# Alias: /host-simulation → simulation-host-mobile.html
/host-simulation  /_internal/simulation-host-mobile-view  200
/host-simulation/  /_internal/simulation-host-mobile-view  200

# /_internal/guest-relationships → guest-relationships.html
/_internal/guest-relationships  /_internal/guest-relationships-view  200
/_internal/guest-relationships/  /_internal/guest-relationships-view  200

# Alias: /guest-relationships → guest-relationships.html
/guest-relationships  /_internal/guest-relationships-view  200
/guest-relationships/  /_internal/guest-relationships-view  200

# /_internal/manage-virtual-meetings → manage-virtual-meetings.html
/_internal/manage-virtual-meetings  /_internal/manage-virtual-meetings-view  200
/_internal/manage-virtual-meetings/  /_internal/manage-virtual-meetings-view  200

# Alias: /manage-virtual-meetings → manage-virtual-meetings.html
/manage-virtual-meetings  /_internal/manage-virtual-meetings-view  200
/manage-virtual-meetings/  /_internal/manage-virtual-meetings-view  200

# /_internal/manage-informational-texts → manage-informational-texts.html
/_internal/manage-informational-texts  /_internal/manage-informational-texts-view  200
/_internal/manage-informational-texts/  /_internal/manage-informational-texts-view  200

# Alias: /manage-informational-texts → manage-informational-texts.html
/manage-informational-texts  /_internal/manage-informational-texts-view  200
/manage-informational-texts/  /_internal/manage-informational-texts-view  200

# /_internal/quick-price → quick-price.html
/_internal/quick-price  /_internal/quick-price-view  200
/_internal/quick-price/  /_internal/quick-price-view  200

# Alias: /quick-price → quick-price.html
/quick-price  /_internal/quick-price-view  200
/quick-price/  /_internal/quick-price-view  200

# /_internal/verify-users → verify-users.html
/_internal/verify-users  /_internal/verify-users-view  200
/_internal/verify-users/  /_internal/verify-users-view  200

# Alias: /verify-users → verify-users.html
/verify-users  /_internal/verify-users-view  200
/verify-users/  /_internal/verify-users-view  200

# /_internal/co-host-requests → co-host-requests.html
/_internal/co-host-requests  /_internal/co-host-requests-view  200
/_internal/co-host-requests/  /_internal/co-host-requests-view  200

# Alias: /co-host-requests → co-host-requests.html
/co-host-requests  /_internal/co-host-requests-view  200
/co-host-requests/  /_internal/co-host-requests-view  200

# /_internal/simulation-admin → simulation-admin.html
/_internal/simulation-admin  /_internal/simulation-admin-view  200
/_internal/simulation-admin/  /_internal/simulation-admin-view  200

# Alias: /simulation-admin → simulation-admin.html
/simulation-admin  /_internal/simulation-admin-view  200
/simulation-admin/  /_internal/simulation-admin-view  200

# /_internal/send-magic-login-links → send-magic-login-links.html
/_internal/send-magic-login-links  /_internal/send-magic-login-links-view  200
/_internal/send-magic-login-links/  /_internal/send-magic-login-links-view  200

# Alias: /send-magic-login-links → send-magic-login-links.html
/send-magic-login-links  /_internal/send-magic-login-links-view  200
/send-magic-login-links/  /_internal/send-magic-login-links-view  200

# /_internal/modify-listings → modify-listings.html
/_internal/modify-listings  /_internal/modify-listings-view  200
/_internal/modify-listings/  /_internal/modify-listings-view  200

# Alias: /modify-listings → modify-listings.html
/modify-listings  /_internal/modify-listings-view  200
/modify-listings/  /_internal/modify-listings-view  200

# /_internal/message-curation → message-curation.html
/_internal/message-curation  /_internal/message-curation-view  200
/_internal/message-curation/  /_internal/message-curation-view  200

# Alias: /message-curation → message-curation.html
/message-curation  /_internal/message-curation-view  200
/message-curation/  /_internal/message-curation-view  200

# /_internal/usability-data-management → usability-data-management.html
/_internal/usability-data-management  /_internal/usability-data-management-view  200
/_internal/usability-data-management/  /_internal/usability-data-management-view  200

# Alias: /usability-data-management → usability-data-management.html
/usability-data-management  /_internal/usability-data-management-view  200
/usability-data-management/  /_internal/usability-data-management-view  200

# /_internal/ai-tools → ai-tools.html
/_internal/ai-tools  /_internal/ai-tools-view  200
/_internal/ai-tools/  /_internal/ai-tools-view  200

# Alias: /ai-tools → ai-tools.html
/ai-tools  /_internal/ai-tools-view  200
/ai-tools/  /_internal/ai-tools-view  200

# /_internal/emergency → internal-emergency.html
/_internal/emergency  /_internal/internal-emergency-view  200
/_internal/emergency/  /_internal/internal-emergency-view  200

# Alias: /internal-emergency → internal-emergency.html
/internal-emergency  /_internal/internal-emergency-view  200
/internal-emergency/  /_internal/internal-emergency-view  200

# /_internal/admin-threads → admin-threads.html
/_internal/admin-threads  /_internal/admin-threads-view  200
/_internal/admin-threads/  /_internal/admin-threads-view  200

# Alias: /admin-threads → admin-threads.html
/admin-threads  /_internal/admin-threads-view  200
/admin-threads/  /_internal/admin-threads-view  200

# /_internal/create-document → create-document.html
/_internal/create-document  /_internal/create-document-view  200
/_internal/create-document/  /_internal/create-document-view  200

# Alias: /create-document → create-document.html
/create-document  /_internal/create-document-view  200
/create-document/  /_internal/create-document-view  200

# /_internal/proposal-manage → proposal-manage.html
/_internal/proposal-manage  /_internal/proposal-manage-view  200
/_internal/proposal-manage/  /_internal/proposal-manage-view  200

# Alias: /proposal-manage → proposal-manage.html
/proposal-manage  /_internal/proposal-manage-view  200
/proposal-manage/  /_internal/proposal-manage-view  200

# /_internal/listings-overview → listings-overview.html
/_internal/listings-overview  /_internal/listings-overview-view  200
/_internal/listings-overview/  /_internal/listings-overview-view  200

# Alias: /listings-overview → listings-overview.html
/listings-overview  /_internal/listings-overview-view  200
/listings-overview/  /_internal/listings-overview-view  200

# /_internal/experience-responses → experience-responses.html
/_internal/experience-responses  /_internal/experience-responses-view  200
/_internal/experience-responses/  /_internal/experience-responses-view  200

# Alias: /experience-responses → experience-responses.html
/experience-responses  /_internal/experience-responses-view  200
/experience-responses/  /_internal/experience-responses-view  200

# /report-emergency → report-emergency.html
/report-emergency  /_internal/report-emergency-view  200
/report-emergency/  /_internal/report-emergency-view  200

# Alias: /emergency-form → report-emergency.html
/emergency-form  /_internal/report-emergency-view  200
/emergency-form/  /_internal/report-emergency-view  200

# Note: Cloudflare Pages automatically serves /404.html for not found routes
# No explicit catch-all rule needed - native 404.html support handles this